Abaya;Hijab
Ballgown;BallGown
Bangles;SluttyJewelry
Battledress;Battledress
Bodysuit;ComfortableBodysuit
Bunny;Bunny
Chains;Chains
Chattelhabit;ChattelHabit
Cheerleader;Cheerleader
Clubslut;ClubslutNetting
Conservative;Conservative
Croptop;StretchPants
Cutoffs;Cutoffs
Cybersuit;Cybersuit
Fallennun;FallenNunsHabit
Halteropdress;HalterTopDress
Haltertopdress;HalterTopDress
Harem;HaremGauze
Huipil;Huipil
Kimono;Kimono
Latex;
Leotard;Leotard
Lingeriepreg;AttractiveLingerie
Maidnice;NiceMaid
Maidslut;SluttyMaid
Maternity;MaternityDress
Military;MilitaryUniform
Minidress;Minidress
Monokini;Monokini
Nicelingerie;AttractiveLingerie
Nursenice;NiceNurse
Nurseslut;SluttyNurse
Oil;BodyOil
Penitentnun;PenitentNunsHabit
Qipao;SluttyQipao
Scalebikini;ScalemailBikini
Schoolgirl;Schoolgirl
Schutzstaffel;SchutzstaffelUniform
SchutzstaffelLeft;SchutzstaffelUniform
Shibari;ShibariRopes
Slavegown;SlaveGown
Sluttyoutfit;Slutty
Soviet;RedArmyUniform
Spats;Spats
Straps;UncomfortableStraps
Stringbikini;StringBikini
Succubus;Succubus
Suitnice;NiceBusinessAttire
Suitslutty;SluttyBusinessAttire
Toga;Toga
Western;WesternClothing
;
;RestrictiveLatex
;FuckdollSuit
;LatexCatsuit
